asset_path,kind,demonstrates,used_by_url,format,bytes,last_modified
apps/site/src/examples/basic/,live demo (React component),"The minimal table: data and columns. Sorting, search, filters, column visibility and pagination come for free.",/examples/basic/ and /embed/basic/,index.tsx,428,2026-09-13
apps/site/src/examples/cell-building-blocks/,live demo (React component),"The shipped cell primitives: TwoLineText, MultiLineList, ChipList with +N overflow, TruncatedText with a tooltip, ActionButton and RowActionsMenu.",/examples/cell-building-blocks/ and /embed/cell-building-blocks/,index.tsx,3477,2026-09-13
apps/site/src/examples/client-sorting/,live demo (React component),"Single and multi-sort, the natural and locale-aware comparators, a custom sortingFn for a domain order, sortUndefined and descending-first columns.",/examples/client-sorting/ and /embed/client-sorting/,index.tsx,2200,2026-09-13
apps/site/src/examples/client-vs-server/,live demo (React component),"The same dataset twice: computed in the browser on the left, served by a simulated server with latency on the right. Identical interactions produce identical rows.",/examples/client-vs-server/ and /embed/client-vs-server/,index.tsx,4324,2026-09-13
apps/site/src/examples/column-features/,live demo (React component),"Resize by drag or keyboard, reorder by dragging a header, and the per-column “⋮” menu for sorting, filtering, pinning, hiding and autosizing.",/examples/column-features/ and /embed/column-features/,index.tsx,895,2026-09-13
apps/site/src/examples/column-ordering-visibility/,live demo (React component),"Drag headers to reorder, hide columns from the Columns menu, lock a column first and unhideable, and persist the arrangement to localStorage.",/examples/column-ordering-visibility/ and /embed/column-ordering-visibility/,index.tsx,1766,2026-09-13
apps/site/src/examples/column-pinning/,live demo (React component),"Left and right pins that survive horizontal scrolling, a locked pin, a responsive pin that releases on small screens, scroll shadows and an RTL toggle.",/examples/column-pinning/ and /embed/column-pinning/,index.tsx,2296,2026-09-13
apps/site/src/examples/column-sizing/,live demo (React component),"Percentage widths next to pixel sizes, min/max bounds, an unresizable column, keyboard resizing, autosize, and onChange vs onEnd resize modes.",/examples/column-sizing/ and /embed/column-sizing/,index.tsx,2273,2026-09-13
apps/site/src/examples/column-types/,live demo (React component),"text / number / date / boolean and display columns: the type picks the alignment, comparator and filter control, and format decides what is shown, searched and exported.",/examples/column-types/ and /embed/column-types/,index.tsx,2383,2026-09-13
apps/site/src/examples/composable-layout/,live demo (React component),The table taken apart with useDataTable and DataTable.Root: search moved into the page header and pagination placed above the table.,/examples/composable-layout/ and /embed/composable-layout/,index.tsx,1100,2026-09-13
apps/site/src/examples/cursor-pagination/,live demo (React component),Opaque next/previous cursors instead of a page count: the numbered variant is unavailable and the total shows as “many”.,/examples/cursor-pagination/ and /embed/cursor-pagination/,index.tsx,1321,2026-09-13
apps/site/src/examples/density/,live demo (React component),"The density toggle cycling compact, standard and comfortable — row height and padding change, the layout does not.",/examples/density/ and /embed/density/,index.tsx,732,2026-09-13
apps/site/src/examples/detail-panels/,live demo (React component),Collapsible row content with renderDetailPanel: a full-width panel under the expanded row that stays put while a wide table scrolls sideways.,/examples/detail-panels/ and /embed/detail-panels/,index.tsx,1121,2026-09-13
apps/site/src/examples/export/,live demo (React component),"CSV export of the page, all matching rows or the selection, plus clipboard copy — including a chunked server export with progress.",/examples/export/ and /embed/export/,index.tsx,1834,2026-09-13
apps/site/src/examples/filters-panel/,live demo (React component),"The default filter panel: one control per variant (text, select, multi-select, range, date range, boolean), active filter chips and facet counts.",/examples/filters-panel/ and /embed/filters-panel/,index.tsx,789,2026-09-13
apps/site/src/examples/filters-popover-and-column-menu/,live demo (React component),"Popover mode plus the column actions menu, whose ""Filter…"" entry opens a single column’s filter.",/examples/filters-popover-and-column-menu/ and /embed/filters-popover-and-column-menu/,index.tsx,789,2026-09-13
apps/site/src/examples/filters-row/,live demo (React component),The filter row mode: an inline control under each filterable column header.,/examples/filters-row/ and /embed/filters-row/,index.tsx,711,2026-09-13
apps/site/src/examples/filters-server/,live demo (React component),"Server filtering and faceting: filters and search are serialized into the query, and option lists with counts are loaded lazily through fetchFacets. Includes a request log.",/examples/filters-server/ and /embed/filters-server/,index.tsx,1235,2026-09-13
apps/site/src/examples/global-search/,live demo (React component),"Client search with match highlighting, diacritic-insensitive matching, a minimum length and a debounce. Two tables share the Ctrl+K hotkey to show that it is scoped to one table.",/examples/global-search/ and /embed/global-search/,index.tsx,2116,2026-09-13
apps/site/src/examples/grouping-aggregation/,live demo (React component),"Group by one or more columns with counts and aggregates on the group rows, plus a footer that aggregates the whole filtered set.",/examples/grouping-aggregation/ and /embed/grouping-aggregation/,index.tsx,1562,2026-09-13
apps/site/src/examples/handlers-middleware/,live demo (React component),"Every interaction runs through an overridable handler: observe it, rewrite the intent, or cancel it by not calling next.",/examples/handlers-middleware/ and /embed/handlers-middleware/,index.tsx,2121,2026-09-13
apps/site/src/examples/headless/,live demo (React component),"No table markup at all: useDataTable drives searching, selection and pagination while the rows render as a grid of cards.",/examples/headless/ and /embed/headless/,index.tsx,4409,2026-09-13
apps/site/src/examples/hybrid-mode/,live demo (React component),"Server pagination with client-side sorting of the page you already have, and the acknowledgement flag that documents the trade-off.",/examples/hybrid-mode/ and /embed/hybrid-mode/,index.tsx,1193,2026-09-13
apps/site/src/examples/infinite-scroll/,live demo (React component),"Infinite pagination against a simulated server: reaching the end appends the next page, with virtualization keeping the DOM small.",/examples/infinite-scroll/ and /embed/infinite-scroll/,index.tsx,1033,2026-09-13
apps/site/src/examples/keyboard-navigation/,live demo (React component),"The WAI-ARIA data-grid pattern: one tab stop, arrow keys between cells, Enter to sort or step into a cell, Space to select.",/examples/keyboard-navigation/ and /embed/keyboard-navigation/,index.tsx,1525,2026-09-13
apps/site/src/examples/localization/,live demo (React component),"An en / hu / de / es switcher: every string comes from a locale pack, and Intl formats numbers, dates and the row range for the selected locale.",/examples/localization/ and /embed/localization/,index.tsx,2333,2026-09-13
apps/site/src/examples/pagination-variants/,live demo (React component),"Numbered, compact, simple and load-more pagination side by side, with the page-size selector, row range and a visualizer comparing the classic and stable page-item algorithms.",/examples/pagination-variants/ and /embed/pagination-variants/,index.tsx,3164,2026-09-15
apps/site/src/examples/react-query-recipe/,live demo (React component),"A dataSource that hands the query to React Query: the cache is owned by the query client, while the table keeps debouncing, aborting and race handling.",/examples/react-query-recipe/ and /embed/react-query-recipe/,index.tsx,1935,2026-09-13
apps/site/src/examples/responsive-cards/,live demo (React component),Below the mobile breakpoint each row renders as a card of label/value pairs — a list of articles rather than a scrolling table.,/examples/responsive-cards/ and /embed/responsive-cards/,index.tsx,902,2026-09-13
apps/site/src/examples/row-overrides/,live demo (React component),"renderRow with defaultRender, getRowProps, getRowClassName, disabled rows and row click events.",/examples/row-overrides/ and /embed/row-overrides/,index.tsx,1722,2026-09-13
apps/site/src/examples/row-selection/,live demo (React component),"Multi and single selection, range selection with Shift+click, row-click selection, disabled rows, and a selection bar with bulk actions.",/examples/row-selection/ and /embed/row-selection/,index.tsx,2033,2026-09-15
apps/site/src/examples/server-sorting/,live demo (React component),"Manual sorting with sortServerKey mapping column ids to server field names, multi-sort included, with the emitted query shown as a request log.",/examples/server-sorting/ and /embed/server-sorting/,index.tsx,1708,2026-09-13
apps/site/src/examples/showcase-account-list/,live demo (React component),"A full application screen with the dense classic preset: server pagination against the mock API, search in the page header (Ctrl+K, 300ms debounce, min 3 chars), two-line addresses and a pinned edit action.",/examples/showcase-account-list/ and /embed/showcase-account-list/,columns.tsx + index.tsx,5673,2026-09-15
apps/site/src/examples/showcase-asset-list/,live demo (React component),"The same screen with a chip list in its widest column: at most three chips plus a +N overflow, each one a button, and a row action that opens a dialog.",/examples/showcase-asset-list/ and /embed/showcase-asset-list/,columns.tsx + index.tsx,6103,2026-09-15
apps/site/src/examples/showcase-asset-picker/,live demo (React component),"A picker as it would appear in a dialog: client mode throughout, single selection by row click or radio, and a sticky header inside a 400px scroll area.",/examples/showcase-asset-picker/ and /embed/showcase-asset-picker/,index.tsx,3802,2026-09-15
apps/site/src/examples/showcase-readings/,live demo (React component),"A deliberately wide table: 18 columns in a horizontal scroll, sorted on the server, with pinned right actions whose disabled states follow the row.",/examples/showcase-readings/ and /embed/showcase-readings/,columns.tsx + index.tsx,6376,2026-09-15
apps/site/src/examples/slots-custom-components/,live demo (React component),"Four replaced slots — the search box, the header cells, the empty state and the pagination bar — each receiving the state it needs as plain props.",/examples/slots-custom-components/ and /embed/slots-custom-components/,index.tsx,3670,2026-09-13
apps/site/src/examples/slots-design-system/,live demo (React component),"Re-skinning without replacing anything: unstyled drops the visual layer, and classNames puts your own class on every part, including per-row functions.",/examples/slots-design-system/ and /embed/slots-design-system/,index.tsx,1370,2026-09-13
apps/site/src/examples/states/,live demo (React component),"Every data state in one place: skeleton and text loading, the refetch overlay, both empty states and the error state with Retry.",/examples/states/ and /embed/states/,index.tsx,2583,2026-09-13
apps/site/src/examples/sticky-header-footer/,live demo (React component),"A bounded scroll area where the header, the aggregate footer and a pinned column all stay visible, with pagination outside the scroll.",/examples/sticky-header-footer/ and /embed/sticky-header-footer/,index.tsx,1476,2026-09-13
apps/site/src/examples/theming-custom/,live demo (React component),"The same table styled three ways: a createTheme brand theme, raw CSS-variable overrides, and unstyled for a utility framework.",/examples/theming-custom/ and /embed/theming-custom/,index.tsx,2229,2026-09-13
apps/site/src/examples/theming-presets/,live demo (React component),"The five built-in presets with a colour-scheme switch, including auto, which follows the operating system.",/examples/theming-presets/ and /embed/theming-presets/,index.tsx,1998,2026-09-13
apps/site/src/examples/tree-data/,live demo (React component),"Nested rows through getSubRows: indentation, per-row toggles, expand all, and filtering that keeps parents of matching descendants.",/examples/tree-data/ and /embed/tree-data/,index.tsx,986,2026-09-13
apps/site/src/examples/tree-lazy-server/,live demo (React component),"Only the roots are fetched up front; expanding a row loads that node’s children through dataSource.fetchChildren, with a per-row loading state.",/examples/tree-lazy-server/ and /embed/tree-lazy-server/,index.tsx,1916,2026-09-13
apps/site/src/examples/url-sync/,live demo (React component),"Page, sort, search and filters live in the URL in a compact format; column layout and density persist to localStorage.",/examples/url-sync/ and /embed/url-sync/,index.tsx,1784,2026-09-13
apps/site/src/examples/virtualization-100k/,live demo (React component),"One hundred thousand rows in a single scroll container, with only the visible window in the DOM and full sorting, search and filtering.",/examples/virtualization-100k/ and /embed/virtualization-100k/,index.tsx,1564,2026-09-13
apps/site/src/examples/ShowcaseFrame.tsx,demo chrome,Theme toggle (classic/light) and page canvas shared by the four showcase demos,/examples/showcase-*/,tsx,1215,2026-09-15
apps/site/src/examples/requestLog.tsx,demo instrumentation,Renders the network/query log shown by the server-mode demos,"/examples/filters-server/, /examples/server-sorting/",tsx,2677,2026-09-13
apps/site/src/examples/api.ts,demo data source,Shared REST data source against the mock account search endpoint,all server-mode demos,ts,1496,2026-09-15
apps/site/src/examples/columns.tsx,demo columns,Shared column definitions used by the generic feature demos,most demos,tsx,1168,2026-09-13
apps/site/src/examples/icons.tsx,demo icons,"Inline SVG icons (pen, gauge, paper plane, file) used in demo action columns",showcase demos,tsx,1689,2026-09-15
apps/site/src/examples/orgTree.ts,demo data,Hierarchical org-tree fixture for the tree-data demos,/examples/tree-data/,ts,2450,2026-09-13
apps/site/src/mock/,mock server,"MSW handlers, seeded generator (235 accounts, 57 readings/asset), latency and error injection",all server-mode demos,directory,17,2026-09-15
apps/site/e2e/__screenshots__/win32/visual/showcase-account-list-1440.png,visual regression baseline,Locked pixel baseline of /embed/showcase-account-list/ at 1440px,apps/site/e2e/visual.spec.ts (pnpm e2e:visual),png,227149,2026-09-15
apps/site/e2e/__screenshots__/win32/visual/showcase-account-list-390.png,visual regression baseline,Locked pixel baseline of /embed/showcase-account-list/ at 390px,apps/site/e2e/visual.spec.ts (pnpm e2e:visual),png,40095,2026-09-15
apps/site/e2e/__screenshots__/win32/visual/showcase-asset-list-1440.png,visual regression baseline,Locked pixel baseline of /embed/showcase-asset-list/ at 1440px,apps/site/e2e/visual.spec.ts (pnpm e2e:visual),png,138131,2026-09-15
apps/site/e2e/__screenshots__/win32/visual/showcase-asset-list-390.png,visual regression baseline,Locked pixel baseline of /embed/showcase-asset-list/ at 390px,apps/site/e2e/visual.spec.ts (pnpm e2e:visual),png,34980,2026-09-15
apps/site/e2e/__screenshots__/win32/visual/showcase-asset-picker-1440.png,visual regression baseline,Locked pixel baseline of /embed/showcase-asset-picker/ at 1440px,apps/site/e2e/visual.spec.ts (pnpm e2e:visual),png,51710,2026-09-15
apps/site/e2e/__screenshots__/win32/visual/showcase-asset-picker-390.png,visual regression baseline,Locked pixel baseline of /embed/showcase-asset-picker/ at 390px,apps/site/e2e/visual.spec.ts (pnpm e2e:visual),png,24521,2026-09-15
apps/site/e2e/__screenshots__/win32/visual/showcase-readings-1440.png,visual regression baseline,Locked pixel baseline of /embed/showcase-readings/ at 1440px,apps/site/e2e/visual.spec.ts (pnpm e2e:visual),png,54559,2026-09-15
apps/site/e2e/__screenshots__/win32/visual/showcase-readings-390.png,visual regression baseline,Locked pixel baseline of /embed/showcase-readings/ at 390px,apps/site/e2e/visual.spec.ts (pnpm e2e:visual),png,28359,2026-09-15
