url,status,title,h1,h1_count,words,h2_count,content_type,notes,inbound_content_links,demo_nodes,canonical,meta_description,og_tag_count,source_file,last_modified
/,200,react-tablekit,react-tablekit,1,129,1,marketing,"landing: hero, feature grid, install snippet",1,0,(none),"react-tablekit: a headless-core React data table with client and server modes, slots, handler middleware and CSS-variable theming.",0,src/pages/HomePage.tsx,2026-09-13
/api,200,API reference · react-tablekit,API reference,1,83,0,reference,index,1,0,(none),"react-tablekit: a headless-core React data table with client and server modes, slots, handler middleware and CSS-variable theming.",0,src/pages/ApiIndexPage.tsx,2026-09-13
/api/column-def,200,ColumnDef · react-tablekit,ColumnDef,1,3097,5,reference,generated from TypeDoc or runtime metadata,0,10,(none),"react-tablekit: a headless-core React data table with client and server modes, slots, handler middleware and CSS-variable theming.",0,src/pages/api/,2026-09-13
/api/data-table,200,<DataTable> props · react-tablekit,<DataTable> props,1,1127,3,reference,generated from TypeDoc or runtime metadata,0,6,(none),"react-tablekit: a headless-core React data table with client and server modes, slots, handler middleware and CSS-variable theming.",0,src/pages/api/,2026-09-13
/api/handlers,200,Handlers · react-tablekit,Handlers,1,207,0,reference,generated from TypeDoc or runtime metadata,0,2,(none),"react-tablekit: a headless-core React data table with client and server modes, slots, handler middleware and CSS-variable theming.",0,src/pages/api/,2026-09-13
/api/hooks,200,Hooks · react-tablekit,Hooks,1,334,8,reference,generated from TypeDoc or runtime metadata,0,0,(none),"react-tablekit: a headless-core React data table with client and server modes, slots, handler middleware and CSS-variable theming.",0,src/pages/api/,2026-09-13
/api/icons,200,Icons · react-tablekit,Icons,1,60,0,reference,generated from TypeDoc or runtime metadata,0,0,(none),"react-tablekit: a headless-core React data table with client and server modes, slots, handler middleware and CSS-variable theming.",0,src/pages/api/,2026-09-13
/api/instance,200,TableInstance · react-tablekit,TableInstance,1,3310,5,reference,generated from TypeDoc or runtime metadata,0,10,(none),"react-tablekit: a headless-core React data table with client and server modes, slots, handler middleware and CSS-variable theming.",0,src/pages/api/,2026-09-13
/api/localization,200,Localization · react-tablekit,Localization,1,405,0,reference,generated from TypeDoc or runtime metadata,0,2,(none),"react-tablekit: a headless-core React data table with client and server modes, slots, handler middleware and CSS-variable theming.",0,src/pages/api/,2026-09-13
/api/slots,200,Slots · react-tablekit,Slots,1,175,0,reference,generated from TypeDoc or runtime metadata,0,2,(none),"react-tablekit: a headless-core React data table with client and server modes, slots, handler middleware and CSS-variable theming.",0,src/pages/api/,2026-09-13
/api/state,200,State and query · react-tablekit,State and query,1,987,3,reference,generated from TypeDoc or runtime metadata,0,6,(none),"react-tablekit: a headless-core React data table with client and server modes, slots, handler middleware and CSS-variable theming.",0,src/pages/api/,2026-09-13
/api/theme-tokens,200,Theme tokens · react-tablekit,Theme tokens,1,658,0,reference,generated from TypeDoc or runtime metadata,0,2,(none),"react-tablekit: a headless-core React data table with client and server modes, slots, handler middleware and CSS-variable theming.",0,src/pages/api/,2026-09-13
/api/utilities,200,Utilities · react-tablekit,Utilities,1,374,10,reference,generated from TypeDoc or runtime metadata,0,0,(none),"react-tablekit: a headless-core React data table with client and server modes, slots, handler middleware and CSS-variable theming.",0,src/pages/api/,2026-09-13
/changelog,200,Changelog · react-tablekit,Changelog,1,1846,1,changelog,rendered from the package CHANGELOG.md,1,0,(none),"react-tablekit: a headless-core React data table with client and server modes, slots, handler middleware and CSS-variable theming.",0,src/pages/ChangelogPage.tsx,2026-09-13
/docs/getting-started,200,Getting started · react-tablekit,Getting started,1,44,2,install,install + first table + verification,1,0,(none),"react-tablekit: a headless-core React data table with client and server modes, slots, handler middleware and CSS-variable theming.",0,src/pages/GettingStartedPage.tsx,2026-09-15
/docs/guides/accessibility,200,Accessibility · react-tablekit,Accessibility,1,158,3,how-to,prose half of a capability: no runnable demo,2,0,(none),"react-tablekit: a headless-core React data table with client and server modes, slots, handler middleware and CSS-variable theming.",0,src/pages/guides/registry.tsx,2026-09-15
/docs/guides/client-vs-server,200,Client vs. server · react-tablekit,Client vs. server,1,193,1,how-to,prose half of a capability: no runnable demo,1,0,(none),"react-tablekit: a headless-core React data table with client and server modes, slots, handler middleware and CSS-variable theming.",0,src/pages/guides/registry.tsx,2026-09-15
/docs/guides/columns,200,Columns · react-tablekit,Columns,1,172,2,how-to,prose half of a capability: no runnable demo,3,0,(none),"react-tablekit: a headless-core React data table with client and server modes, slots, handler middleware and CSS-variable theming.",0,src/pages/guides/registry.tsx,2026-09-15
/docs/guides/customization,200,Customization · react-tablekit,Customization,1,303,9,how-to,prose half of a capability: no runnable demo,2,0,(none),"react-tablekit: a headless-core React data table with client and server modes, slots, handler middleware and CSS-variable theming.",0,src/pages/guides/registry.tsx,2026-09-15
/docs/guides/expansion,200,Expansion and detail panels · react-tablekit,Expansion and detail panels,1,187,3,how-to,prose half of a capability: no runnable demo,2,0,(none),"react-tablekit: a headless-core React data table with client and server modes, slots, handler middleware and CSS-variable theming.",0,src/pages/guides/registry.tsx,2026-09-15
/docs/guides/export,200,Export · react-tablekit,Export,1,148,2,how-to,prose half of a capability: no runnable demo,2,0,(none),"react-tablekit: a headless-core React data table with client and server modes, slots, handler middleware and CSS-variable theming.",0,src/pages/guides/registry.tsx,2026-09-15
/docs/guides/filtering,200,Filtering · react-tablekit,Filtering,1,192,3,how-to,prose half of a capability: no runnable demo,2,0,(none),"react-tablekit: a headless-core React data table with client and server modes, slots, handler middleware and CSS-variable theming.",0,src/pages/guides/registry.tsx,2026-09-15
/docs/guides/grouping,200,Grouping and aggregation · react-tablekit,Grouping and aggregation,1,158,1,how-to,prose half of a capability: no runnable demo,2,0,(none),"react-tablekit: a headless-core React data table with client and server modes, slots, handler middleware and CSS-variable theming.",0,src/pages/guides/registry.tsx,2026-09-15
/docs/guides/keyboard,200,Keyboard navigation · react-tablekit,Keyboard navigation,1,179,1,how-to,prose half of a capability: no runnable demo,2,0,(none),"react-tablekit: a headless-core React data table with client and server modes, slots, handler middleware and CSS-variable theming.",0,src/pages/guides/registry.tsx,2026-09-15
/docs/guides/localization,200,Localization · react-tablekit,Localization,1,178,3,how-to,prose half of a capability: no runnable demo,1,0,(none),"react-tablekit: a headless-core React data table with client and server modes, slots, handler middleware and CSS-variable theming.",0,src/pages/guides/registry.tsx,2026-09-15
/docs/guides/ordering-and-visibility,200,Ordering and visibility · react-tablekit,Ordering and visibility,1,159,1,how-to,prose half of a capability: no runnable demo,2,0,(none),"react-tablekit: a headless-core React data table with client and server modes, slots, handler middleware and CSS-variable theming.",0,src/pages/guides/registry.tsx,2026-09-15
/docs/guides/pagination,200,Pagination · react-tablekit,Pagination,1,217,3,how-to,prose half of a capability: no runnable demo,2,0,(none),"react-tablekit: a headless-core React data table with client and server modes, slots, handler middleware and CSS-variable theming.",0,src/pages/guides/registry.tsx,2026-09-15
/docs/guides/persistence,200,Persistence · react-tablekit,Persistence,1,176,2,how-to,prose half of a capability: no runnable demo,2,0,(none),"react-tablekit: a headless-core React data table with client and server modes, slots, handler middleware and CSS-variable theming.",0,src/pages/guides/registry.tsx,2026-09-15
/docs/guides/pinning,200,Column pinning · react-tablekit,Column pinning,1,171,2,how-to,prose half of a capability: no runnable demo,2,0,(none),"react-tablekit: a headless-core React data table with client and server modes, slots, handler middleware and CSS-variable theming.",0,src/pages/guides/registry.tsx,2026-09-15
/docs/guides/responsive,200,Responsive · react-tablekit,Responsive,1,171,1,how-to,prose half of a capability: no runnable demo,2,0,(none),"react-tablekit: a headless-core React data table with client and server modes, slots, handler middleware and CSS-variable theming.",0,src/pages/guides/registry.tsx,2026-09-15
/docs/guides/search,200,Global search · react-tablekit,Global search,1,158,2,how-to,prose half of a capability: no runnable demo,2,0,(none),"react-tablekit: a headless-core React data table with client and server modes, slots, handler middleware and CSS-variable theming.",0,src/pages/guides/registry.tsx,2026-09-15
/docs/guides/selection,200,Selection · react-tablekit,Selection,1,177,2,how-to,prose half of a capability: no runnable demo,2,0,(none),"react-tablekit: a headless-core React data table with client and server modes, slots, handler middleware and CSS-variable theming.",0,src/pages/guides/registry.tsx,2026-09-15
/docs/guides/server-data,200,Server data · react-tablekit,Server data,1,212,2,how-to,prose half of a capability: no runnable demo,2,0,(none),"react-tablekit: a headless-core React data table with client and server modes, slots, handler middleware and CSS-variable theming.",0,src/pages/guides/registry.tsx,2026-09-15
/docs/guides/sizing,200,Column sizing · react-tablekit,Column sizing,1,132,2,how-to,prose half of a capability: no runnable demo,2,0,(none),"react-tablekit: a headless-core React data table with client and server modes, slots, handler middleware and CSS-variable theming.",0,src/pages/guides/registry.tsx,2026-09-15
/docs/guides/sorting,200,Sorting · react-tablekit,Sorting,1,227,3,how-to,prose half of a capability: no runnable demo,2,0,(none),"react-tablekit: a headless-core React data table with client and server modes, slots, handler middleware and CSS-variable theming.",0,src/pages/guides/registry.tsx,2026-09-15
/docs/guides/theming,200,Theming · react-tablekit,Theming,1,289,3,how-to,prose half of a capability: no runnable demo,2,0,(none),"react-tablekit: a headless-core React data table with client and server modes, slots, handler middleware and CSS-variable theming.",0,src/pages/guides/registry.tsx,2026-09-15
/docs/guides/virtualization,200,Virtualization · react-tablekit,Virtualization,1,182,2,how-to,prose half of a capability: no runnable demo,2,0,(none),"react-tablekit: a headless-core React data table with client and server modes, slots, handler middleware and CSS-variable theming.",0,src/pages/guides/registry.tsx,2026-09-15
/docs/versioning,200,Versioning policy · react-tablekit,Versioning policy,1,281,5,how-to,semver policy prose,1,0,(none),"react-tablekit: a headless-core React data table with client and server modes, slots, handler middleware and CSS-variable theming.",0,src/pages/VersioningPage.tsx,2026-09-15
/does-not-exist,200,Not found · react-tablekit,Page not found,1,8,0,orphan,404 page,0,0,(none),"react-tablekit: a headless-core React data table with client and server modes, slots, handler middleware and CSS-variable theming.",0,,
/embed/basic,200,Basic · react-tablekit,Basic,1,131,0,capability,chrome-less iframe variant of /examples/{slug},0,2,(none),"react-tablekit: a headless-core React data table with client and server modes, slots, handler middleware and CSS-variable theming.",0,src/examples/basic/index.tsx,2026-09-13
/embed/cell-building-blocks,200,Cell building blocks · react-tablekit,Cell building blocks,1,135,0,capability,chrome-less iframe variant of /examples/{slug},0,2,(none),"react-tablekit: a headless-core React data table with client and server modes, slots, handler middleware and CSS-variable theming.",0,src/examples/cell-building-blocks/index.tsx,2026-09-13
/embed/client-sorting,200,Client sorting · react-tablekit,Client sorting,1,94,0,capability,chrome-less iframe variant of /examples/{slug},0,2,(none),"react-tablekit: a headless-core React data table with client and server modes, slots, handler middleware and CSS-variable theming.",0,src/examples/client-sorting/index.tsx,2026-09-13
/embed/client-vs-server,200,Client vs. server · react-tablekit,Client vs. server,1,182,2,capability,chrome-less iframe variant of /examples/{slug},0,4,(none),"react-tablekit: a headless-core React data table with client and server modes, slots, handler middleware and CSS-variable theming.",0,src/examples/client-vs-server/index.tsx,2026-09-13
/embed/column-features,200,Column features · react-tablekit,Column features,1,112,0,capability,chrome-less iframe variant of /examples/{slug},0,2,(none),"react-tablekit: a headless-core React data table with client and server modes, slots, handler middleware and CSS-variable theming.",0,src/examples/column-features/index.tsx,2026-09-13
/embed/column-ordering-visibility,200,Column ordering and visibility · react-tablekit,Column ordering and visibility,1,94,0,capability,chrome-less iframe variant of /examples/{slug},0,2,(none),"react-tablekit: a headless-core React data table with client and server modes, slots, handler middleware and CSS-variable theming.",0,src/examples/column-ordering-visibility/index.tsx,2026-09-13
/embed/column-pinning,200,Column pinning · react-tablekit,Column pinning,1,230,0,capability,chrome-less iframe variant of /examples/{slug},0,2,(none),"react-tablekit: a headless-core React data table with client and server modes, slots, handler middleware and CSS-variable theming.",0,src/examples/column-pinning/index.tsx,2026-09-13
/embed/column-sizing,200,Column sizing · react-tablekit,Column sizing,1,84,0,capability,chrome-less iframe variant of /examples/{slug},0,2,(none),"react-tablekit: a headless-core React data table with client and server modes, slots, handler middleware and CSS-variable theming.",0,src/examples/column-sizing/index.tsx,2026-09-13
/embed/column-types,200,Column types · react-tablekit,Column types,1,118,0,capability,chrome-less iframe variant of /examples/{slug},0,2,(none),"react-tablekit: a headless-core React data table with client and server modes, slots, handler middleware and CSS-variable theming.",0,src/examples/column-types/index.tsx,2026-09-13
/embed/composable-layout,200,Composable layout · react-tablekit,Composable layout,1,93,0,capability,chrome-less iframe variant of /examples/{slug},0,2,(none),"react-tablekit: a headless-core React data table with client and server modes, slots, handler middleware and CSS-variable theming.",0,src/examples/composable-layout/index.tsx,2026-09-13
/embed/cursor-pagination,200,Cursor pagination · react-tablekit,Cursor pagination,1,38,1,capability,chrome-less iframe variant of /examples/{slug},0,2,(none),"react-tablekit: a headless-core React data table with client and server modes, slots, handler middleware and CSS-variable theming.",0,src/examples/cursor-pagination/index.tsx,2026-09-13
/embed/density,200,Density · react-tablekit,Density,1,109,0,capability,chrome-less iframe variant of /examples/{slug},0,2,(none),"react-tablekit: a headless-core React data table with client and server modes, slots, handler middleware and CSS-variable theming.",0,src/examples/density/index.tsx,2026-09-13
/embed/detail-panels,200,Detail panels · react-tablekit,Detail panels,1,110,0,capability,chrome-less iframe variant of /examples/{slug},0,2,(none),"react-tablekit: a headless-core React data table with client and server modes, slots, handler middleware and CSS-variable theming.",0,src/examples/detail-panels/index.tsx,2026-09-13
/embed/export,200,Export · react-tablekit,Export,1,143,2,capability,chrome-less iframe variant of /examples/{slug},0,4,(none),"react-tablekit: a headless-core React data table with client and server modes, slots, handler middleware and CSS-variable theming.",0,src/examples/export/index.tsx,2026-09-13
/embed/filters-panel,200,Filters: panel · react-tablekit,Filters: panel,1,112,0,capability,chrome-less iframe variant of /examples/{slug},0,2,(none),"react-tablekit: a headless-core React data table with client and server modes, slots, handler middleware and CSS-variable theming.",0,src/examples/filters-panel/index.tsx,2026-09-13
/embed/filters-popover-and-column-menu,200,Filters: popover and column menu · react-tablekit,Filters: popover and column menu,1,115,0,capability,chrome-less iframe variant of /examples/{slug},0,2,(none),"react-tablekit: a headless-core React data table with client and server modes, slots, handler middleware and CSS-variable theming.",0,src/examples/filters-popover-and-column-menu/index.tsx,2026-09-13
/embed/filters-row,200,Filters: row · react-tablekit,Filters: row,1,157,0,capability,chrome-less iframe variant of /examples/{slug},0,2,(none),"react-tablekit: a headless-core React data table with client and server modes, slots, handler middleware and CSS-variable theming.",0,src/examples/filters-row/index.tsx,2026-09-13
/embed/filters-server,200,Filters: server · react-tablekit,Filters: server,1,40,1,capability,chrome-less iframe variant of /examples/{slug},0,2,(none),"react-tablekit: a headless-core React data table with client and server modes, slots, handler middleware and CSS-variable theming.",0,src/examples/filters-server/index.tsx,2026-09-13
/embed/global-search,200,Global search · react-tablekit,Global search,1,227,2,capability,chrome-less iframe variant of /examples/{slug},0,4,(none),"react-tablekit: a headless-core React data table with client and server modes, slots, handler middleware and CSS-variable theming.",0,src/examples/global-search/index.tsx,2026-09-13
/embed/grouping-aggregation,200,Grouping and aggregation · react-tablekit,Grouping and aggregation,1,33,0,capability,chrome-less iframe variant of /examples/{slug},0,2,(none),"react-tablekit: a headless-core React data table with client and server modes, slots, handler middleware and CSS-variable theming.",0,src/examples/grouping-aggregation/index.tsx,2026-09-13
/embed/handlers-middleware,200,Handler middleware · react-tablekit,Handler middleware,1,124,1,capability,chrome-less iframe variant of /examples/{slug},0,2,(none),"react-tablekit: a headless-core React data table with client and server modes, slots, handler middleware and CSS-variable theming.",0,src/examples/handlers-middleware/index.tsx,2026-09-13
/embed/headless,200,Headless · react-tablekit,Headless,1,228,0,capability,chrome-less iframe variant of /examples/{slug},0,0,(none),"react-tablekit: a headless-core React data table with client and server modes, slots, handler middleware and CSS-variable theming.",0,src/examples/headless/index.tsx,2026-09-13
/embed/hybrid-mode,200,Hybrid mode · react-tablekit,Hybrid mode,1,40,1,capability,chrome-less iframe variant of /examples/{slug},0,2,(none),"react-tablekit: a headless-core React data table with client and server modes, slots, handler middleware and CSS-variable theming.",0,src/examples/hybrid-mode/index.tsx,2026-09-13
/embed/infinite-scroll,200,Infinite scroll · react-tablekit,Infinite scroll,1,15,0,capability,chrome-less iframe variant of /examples/{slug},0,2,(none),"react-tablekit: a headless-core React data table with client and server modes, slots, handler middleware and CSS-variable theming.",0,src/examples/infinite-scroll/index.tsx,2026-09-13
/embed/keyboard-navigation,200,Keyboard navigation · react-tablekit,Keyboard navigation,1,193,0,capability,chrome-less iframe variant of /examples/{slug},0,2,(none),"react-tablekit: a headless-core React data table with client and server modes, slots, handler middleware and CSS-variable theming.",0,src/examples/keyboard-navigation/index.tsx,2026-09-13
/embed/localization,200,Localization · react-tablekit,Localization,1,141,0,capability,chrome-less iframe variant of /examples/{slug},0,2,(none),"react-tablekit: a headless-core React data table with client and server modes, slots, handler middleware and CSS-variable theming.",0,src/examples/localization/index.tsx,2026-09-13
/embed/pagination-variants,200,Pagination variants · react-tablekit,Pagination variants,1,198,5,capability,chrome-less iframe variant of /examples/{slug},0,8,(none),"react-tablekit: a headless-core React data table with client and server modes, slots, handler middleware and CSS-variable theming.",0,src/examples/pagination-variants/index.tsx,2026-09-15
/embed/react-query-recipe,200,React Query recipe · react-tablekit,React Query recipe,1,28,0,capability,chrome-less iframe variant of /examples/{slug},0,2,(none),"react-tablekit: a headless-core React data table with client and server modes, slots, handler middleware and CSS-variable theming.",0,src/examples/react-query-recipe/index.tsx,2026-09-13
/embed/responsive-cards,200,Responsive cards · react-tablekit,Responsive cards,1,110,0,capability,chrome-less iframe variant of /examples/{slug},0,2,(none),"react-tablekit: a headless-core React data table with client and server modes, slots, handler middleware and CSS-variable theming.",0,src/examples/responsive-cards/index.tsx,2026-09-13
/embed/row-overrides,200,Row overrides · react-tablekit,Row overrides,1,129,0,capability,chrome-less iframe variant of /examples/{slug},0,2,(none),"react-tablekit: a headless-core React data table with client and server modes, slots, handler middleware and CSS-variable theming.",0,src/examples/row-overrides/index.tsx,2026-09-13
/embed/row-selection,200,Row selection · react-tablekit,Row selection,1,130,0,capability,chrome-less iframe variant of /examples/{slug},0,2,(none),"react-tablekit: a headless-core React data table with client and server modes, slots, handler middleware and CSS-variable theming.",0,src/examples/row-selection/index.tsx,2026-09-15
/embed/server-sorting,200,Server sorting · react-tablekit,Server sorting,1,36,1,capability,chrome-less iframe variant of /examples/{slug},0,2,(none),"react-tablekit: a headless-core React data table with client and server modes, slots, handler middleware and CSS-variable theming.",0,src/examples/server-sorting/index.tsx,2026-09-13
/embed/showcase-account-list,200,Showcase: account list · react-tablekit,Showcase: account list,1,326,1,capability,chrome-less iframe variant of /examples/{slug},0,2,(none),"react-tablekit: a headless-core React data table with client and server modes, slots, handler middleware and CSS-variable theming.",0,src/examples/showcase-account-list/index.tsx,2026-09-15
/embed/showcase-asset-list,200,Showcase: asset list · react-tablekit,Showcase: asset list,1,212,2,capability,chrome-less iframe variant of /examples/{slug},0,2,(none),"react-tablekit: a headless-core React data table with client and server modes, slots, handler middleware and CSS-variable theming.",0,src/examples/showcase-asset-list/index.tsx,2026-09-15
/embed/showcase-asset-picker,200,Showcase: asset picker · react-tablekit,Showcase: asset picker,1,183,0,capability,chrome-less iframe variant of /examples/{slug},0,2,(none),"react-tablekit: a headless-core React data table with client and server modes, slots, handler middleware and CSS-variable theming.",0,src/examples/showcase-asset-picker/index.tsx,2026-09-15
/embed/showcase-readings,200,Showcase: reading history · react-tablekit,Showcase: reading history,1,245,0,capability,chrome-less iframe variant of /examples/{slug},0,2,(none),"react-tablekit: a headless-core React data table with client and server modes, slots, handler middleware and CSS-variable theming.",0,src/examples/showcase-readings/index.tsx,2026-09-15
/embed/slots-custom-components,200,Slots: custom components · react-tablekit,Slots: custom components,1,100,0,capability,chrome-less iframe variant of /examples/{slug},0,2,(none),"react-tablekit: a headless-core React data table with client and server modes, slots, handler middleware and CSS-variable theming.",0,src/examples/slots-custom-components/index.tsx,2026-09-13
/embed/slots-design-system,200,Slots: design system · react-tablekit,Slots: design system,1,87,0,capability,chrome-less iframe variant of /examples/{slug},0,2,(none),"react-tablekit: a headless-core React data table with client and server modes, slots, handler middleware and CSS-variable theming.",0,src/examples/slots-design-system/index.tsx,2026-09-13
/embed/states,200,"Loading, empty and error states · react-tablekit","Loading, empty and error states",1,61,0,capability,chrome-less iframe variant of /examples/{slug},0,2,(none),"react-tablekit: a headless-core React data table with client and server modes, slots, handler middleware and CSS-variable theming.",0,src/examples/states/index.tsx,2026-09-13
/embed/sticky-header-footer,200,Sticky header and footer · react-tablekit,Sticky header and footer,1,329,0,capability,chrome-less iframe variant of /examples/{slug},0,2,(none),"react-tablekit: a headless-core React data table with client and server modes, slots, handler middleware and CSS-variable theming.",0,src/examples/sticky-header-footer/index.tsx,2026-09-13
/embed/theming-custom,200,Theming: custom · react-tablekit,Theming: custom,1,96,0,capability,chrome-less iframe variant of /examples/{slug},0,2,(none),"react-tablekit: a headless-core React data table with client and server modes, slots, handler middleware and CSS-variable theming.",0,src/examples/theming-custom/index.tsx,2026-09-13
/embed/theming-presets,200,Theming: presets · react-tablekit,Theming: presets,1,103,0,capability,chrome-less iframe variant of /examples/{slug},0,2,(none),"react-tablekit: a headless-core React data table with client and server modes, slots, handler middleware and CSS-variable theming.",0,src/examples/theming-presets/index.tsx,2026-09-13
/embed/tree-data,200,Tree data · react-tablekit,Tree data,1,24,0,capability,chrome-less iframe variant of /examples/{slug},0,2,(none),"react-tablekit: a headless-core React data table with client and server modes, slots, handler middleware and CSS-variable theming.",0,src/examples/tree-data/index.tsx,2026-09-13
/embed/tree-lazy-server,200,Tree: lazy server children · react-tablekit,Tree: lazy server children,1,22,0,capability,chrome-less iframe variant of /examples/{slug},0,2,(none),"react-tablekit: a headless-core React data table with client and server modes, slots, handler middleware and CSS-variable theming.",0,src/examples/tree-lazy-server/index.tsx,2026-09-13
/embed/url-sync,200,URL and storage sync · react-tablekit,URL and storage sync,1,130,0,capability,chrome-less iframe variant of /examples/{slug},0,2,(none),"react-tablekit: a headless-core React data table with client and server modes, slots, handler middleware and CSS-variable theming.",0,src/examples/url-sync/index.tsx,2026-09-13
/embed/virtualization-100k,200,Virtualization: 100k rows · react-tablekit,Virtualization: 100k rows,1,212,0,capability,chrome-less iframe variant of /examples/{slug},0,2,(none),"react-tablekit: a headless-core React data table with client and server modes, slots, handler middleware and CSS-variable theming.",0,src/examples/virtualization-100k/index.tsx,2026-09-13
/examples,200,Examples · react-tablekit,Examples,1,1351,46,capability,"index/gallery of demos, filterable by tag",47,0,(none),"react-tablekit: a headless-core React data table with client and server modes, slots, handler middleware and CSS-variable theming.",0,src/pages/ExamplesGalleryPage.tsx,2026-09-15
/examples/basic,200,Basic · react-tablekit,Basic,1,162,1,capability,"demo half of a capability: demo + source, little prose",6,2,(none),"react-tablekit: a headless-core React data table with client and server modes, slots, handler middleware and CSS-variable theming.",0,src/examples/basic/index.tsx,2026-09-13
/examples/cell-building-blocks,200,Cell building blocks · react-tablekit,Cell building blocks,1,170,1,capability,"demo half of a capability: demo + source, little prose",4,2,(none),"react-tablekit: a headless-core React data table with client and server modes, slots, handler middleware and CSS-variable theming.",0,src/examples/cell-building-blocks/index.tsx,2026-09-13
/examples/client-sorting,200,Client sorting · react-tablekit,Client sorting,1,130,1,capability,"demo half of a capability: demo + source, little prose",3,2,(none),"react-tablekit: a headless-core React data table with client and server modes, slots, handler middleware and CSS-variable theming.",0,src/examples/client-sorting/index.tsx,2026-09-13
/examples/client-vs-server,200,Client vs. server · react-tablekit,Client vs. server,1,224,3,capability,"demo half of a capability: demo + source, little prose",8,4,(none),"react-tablekit: a headless-core React data table with client and server modes, slots, handler middleware and CSS-variable theming.",0,src/examples/client-vs-server/index.tsx,2026-09-13
/examples/column-features,200,Column features · react-tablekit,Column features,1,156,1,capability,"demo half of a capability: demo + source, little prose",4,2,(none),"react-tablekit: a headless-core React data table with client and server modes, slots, handler middleware and CSS-variable theming.",0,src/examples/column-features/index.tsx,2026-09-13
/examples/column-ordering-visibility,200,Column ordering and visibility · react-tablekit,Column ordering and visibility,1,135,1,capability,"demo half of a capability: demo + source, little prose",3,2,(none),"react-tablekit: a headless-core React data table with client and server modes, slots, handler middleware and CSS-variable theming.",0,src/examples/column-ordering-visibility/index.tsx,2026-09-13
/examples/column-pinning,200,Column pinning · react-tablekit,Column pinning,1,274,1,capability,"demo half of a capability: demo + source, little prose",3,2,(none),"react-tablekit: a headless-core React data table with client and server modes, slots, handler middleware and CSS-variable theming.",0,src/examples/column-pinning/index.tsx,2026-09-13
/examples/column-sizing,200,Column sizing · react-tablekit,Column sizing,1,123,1,capability,"demo half of a capability: demo + source, little prose",4,2,(none),"react-tablekit: a headless-core React data table with client and server modes, slots, handler middleware and CSS-variable theming.",0,src/examples/column-sizing/index.tsx,2026-09-13
/examples/column-types,200,Column types · react-tablekit,Column types,1,164,1,capability,"demo half of a capability: demo + source, little prose",3,2,(none),"react-tablekit: a headless-core React data table with client and server modes, slots, handler middleware and CSS-variable theming.",0,src/examples/column-types/index.tsx,2026-09-13
/examples/composable-layout,200,Composable layout · react-tablekit,Composable layout,1,130,1,capability,"demo half of a capability: demo + source, little prose",3,2,(none),"react-tablekit: a headless-core React data table with client and server modes, slots, handler middleware and CSS-variable theming.",0,src/examples/composable-layout/index.tsx,2026-09-13
/examples/cursor-pagination,200,Cursor pagination · react-tablekit,Cursor pagination,1,75,2,capability,"demo half of a capability: demo + source, little prose",4,2,(none),"react-tablekit: a headless-core React data table with client and server modes, slots, handler middleware and CSS-variable theming.",0,src/examples/cursor-pagination/index.tsx,2026-09-13
/examples/density,200,Density · react-tablekit,Density,1,143,1,capability,"demo half of a capability: demo + source, little prose",2,2,(none),"react-tablekit: a headless-core React data table with client and server modes, slots, handler middleware and CSS-variable theming.",0,src/examples/density/index.tsx,2026-09-13
/examples/detail-panels,200,Detail panels · react-tablekit,Detail panels,1,148,1,capability,"demo half of a capability: demo + source, little prose",3,2,(none),"react-tablekit: a headless-core React data table with client and server modes, slots, handler middleware and CSS-variable theming.",0,src/examples/detail-panels/index.tsx,2026-09-13
/examples/export,200,Export · react-tablekit,Export,1,183,3,capability,"demo half of a capability: demo + source, little prose",3,4,(none),"react-tablekit: a headless-core React data table with client and server modes, slots, handler middleware and CSS-variable theming.",0,src/examples/export/index.tsx,2026-09-13
/examples/filters-panel,200,Filters: panel · react-tablekit,Filters: panel,1,155,1,capability,"demo half of a capability: demo + source, little prose",7,2,(none),"react-tablekit: a headless-core React data table with client and server modes, slots, handler middleware and CSS-variable theming.",0,src/examples/filters-panel/index.tsx,2026-09-13
/examples/filters-popover-and-column-menu,200,Filters: popover and column menu · react-tablekit,Filters: popover and column menu,1,147,1,capability,"demo half of a capability: demo + source, little prose",5,2,(none),"react-tablekit: a headless-core React data table with client and server modes, slots, handler middleware and CSS-variable theming.",0,src/examples/filters-popover-and-column-menu/index.tsx,2026-09-13
/examples/filters-row,200,Filters: row · react-tablekit,Filters: row,1,189,1,capability,"demo half of a capability: demo + source, little prose",4,2,(none),"react-tablekit: a headless-core React data table with client and server modes, slots, handler middleware and CSS-variable theming.",0,src/examples/filters-row/index.tsx,2026-09-13
/examples/filters-server,200,Filters: server · react-tablekit,Filters: server,1,85,2,capability,"demo half of a capability: demo + source, little prose",10,2,(none),"react-tablekit: a headless-core React data table with client and server modes, slots, handler middleware and CSS-variable theming.",0,src/examples/filters-server/index.tsx,2026-09-13
/examples/global-search,200,Global search · react-tablekit,Global search,1,272,3,capability,"demo half of a capability: demo + source, little prose",3,4,(none),"react-tablekit: a headless-core React data table with client and server modes, slots, handler middleware and CSS-variable theming.",0,src/examples/global-search/index.tsx,2026-09-13
/examples/grouping-aggregation,200,Grouping and aggregation · react-tablekit,Grouping and aggregation,1,72,1,capability,"demo half of a capability: demo + source, little prose",3,2,(none),"react-tablekit: a headless-core React data table with client and server modes, slots, handler middleware and CSS-variable theming.",0,src/examples/grouping-aggregation/index.tsx,2026-09-13
/examples/handlers-middleware,200,Handler middleware · react-tablekit,Handler middleware,1,160,2,capability,"demo half of a capability: demo + source, little prose",3,2,(none),"react-tablekit: a headless-core React data table with client and server modes, slots, handler middleware and CSS-variable theming.",0,src/examples/handlers-middleware/index.tsx,2026-09-13
/examples/headless,200,Headless · react-tablekit,Headless,1,265,1,capability,"demo half of a capability: demo + source, little prose",3,0,(none),"react-tablekit: a headless-core React data table with client and server modes, slots, handler middleware and CSS-variable theming.",0,src/examples/headless/index.tsx,2026-09-13
/examples/hybrid-mode,200,Hybrid mode · react-tablekit,Hybrid mode,1,77,2,capability,"demo half of a capability: demo + source, little prose",4,2,(none),"react-tablekit: a headless-core React data table with client and server modes, slots, handler middleware and CSS-variable theming.",0,src/examples/hybrid-mode/index.tsx,2026-09-13
/examples/infinite-scroll,200,Infinite scroll · react-tablekit,Infinite scroll,1,52,1,capability,"demo half of a capability: demo + source, little prose",5,2,(none),"react-tablekit: a headless-core React data table with client and server modes, slots, handler middleware and CSS-variable theming.",0,src/examples/infinite-scroll/index.tsx,2026-09-13
/examples/keyboard-navigation,200,Keyboard navigation · react-tablekit,Keyboard navigation,1,232,1,capability,"demo half of a capability: demo + source, little prose",4,2,(none),"react-tablekit: a headless-core React data table with client and server modes, slots, handler middleware and CSS-variable theming.",0,src/examples/keyboard-navigation/index.tsx,2026-09-13
/examples/localization,200,Localization · react-tablekit,Localization,1,186,1,capability,"demo half of a capability: demo + source, little prose",2,2,(none),"react-tablekit: a headless-core React data table with client and server modes, slots, handler middleware and CSS-variable theming.",0,src/examples/localization/index.tsx,2026-09-13
/examples/pagination-variants,200,Pagination variants · react-tablekit,Pagination variants,1,240,6,capability,"demo half of a capability: demo + source, little prose",4,8,(none),"react-tablekit: a headless-core React data table with client and server modes, slots, handler middleware and CSS-variable theming.",0,src/examples/pagination-variants/index.tsx,2026-09-15
/examples/react-query-recipe,200,React Query recipe · react-tablekit,React Query recipe,1,72,1,capability,"demo half of a capability: demo + source, little prose",1,2,(none),"react-tablekit: a headless-core React data table with client and server modes, slots, handler middleware and CSS-variable theming.",0,src/examples/react-query-recipe/index.tsx,2026-09-13
/examples/responsive-cards,200,Responsive cards · react-tablekit,Responsive cards,1,152,1,capability,"demo half of a capability: demo + source, little prose",4,2,(none),"react-tablekit: a headless-core React data table with client and server modes, slots, handler middleware and CSS-variable theming.",0,src/examples/responsive-cards/index.tsx,2026-09-13
/examples/row-overrides,200,Row overrides · react-tablekit,Row overrides,1,157,1,capability,"demo half of a capability: demo + source, little prose",5,2,(none),"react-tablekit: a headless-core React data table with client and server modes, slots, handler middleware and CSS-variable theming.",0,src/examples/row-overrides/index.tsx,2026-09-13
/examples/row-selection,200,Row selection · react-tablekit,Row selection,1,167,1,capability,"demo half of a capability: demo + source, little prose",5,2,(none),"react-tablekit: a headless-core React data table with client and server modes, slots, handler middleware and CSS-variable theming.",0,src/examples/row-selection/index.tsx,2026-09-15
/examples/server-sorting,200,Server sorting · react-tablekit,Server sorting,1,78,2,capability,"demo half of a capability: demo + source, little prose",5,2,(none),"react-tablekit: a headless-core React data table with client and server modes, slots, handler middleware and CSS-variable theming.",0,src/examples/server-sorting/index.tsx,2026-09-13
/examples/showcase-account-list,200,Showcase: account list · react-tablekit,Showcase: account list,1,377,2,capability,"demo half of a capability: demo + source, little prose",4,2,(none),"react-tablekit: a headless-core React data table with client and server modes, slots, handler middleware and CSS-variable theming.",0,src/examples/showcase-account-list/index.tsx,2026-09-15
/examples/showcase-asset-list,200,Showcase: asset list · react-tablekit,Showcase: asset list,1,262,3,capability,"demo half of a capability: demo + source, little prose",3,2,(none),"react-tablekit: a headless-core React data table with client and server modes, slots, handler middleware and CSS-variable theming.",0,src/examples/showcase-asset-list/index.tsx,2026-09-15
/examples/showcase-asset-picker,200,Showcase: asset picker · react-tablekit,Showcase: asset picker,1,229,1,capability,"demo half of a capability: demo + source, little prose",3,2,(none),"react-tablekit: a headless-core React data table with client and server modes, slots, handler middleware and CSS-variable theming.",0,src/examples/showcase-asset-picker/index.tsx,2026-09-15
/examples/showcase-readings,200,Showcase: reading history · react-tablekit,Showcase: reading history,1,288,1,capability,"demo half of a capability: demo + source, little prose",1,2,(none),"react-tablekit: a headless-core React data table with client and server modes, slots, handler middleware and CSS-variable theming.",0,src/examples/showcase-readings/index.tsx,2026-09-15
/examples/slots-custom-components,200,Slots: custom components · react-tablekit,Slots: custom components,1,146,1,capability,"demo half of a capability: demo + source, little prose",5,2,(none),"react-tablekit: a headless-core React data table with client and server modes, slots, handler middleware and CSS-variable theming.",0,src/examples/slots-custom-components/index.tsx,2026-09-13
/examples/slots-design-system,200,Slots: design system · react-tablekit,Slots: design system,1,126,1,capability,"demo half of a capability: demo + source, little prose",4,2,(none),"react-tablekit: a headless-core React data table with client and server modes, slots, handler middleware and CSS-variable theming.",0,src/examples/slots-design-system/index.tsx,2026-09-13
/examples/states,200,"Loading, empty and error states · react-tablekit","Loading, empty and error states",1,100,1,capability,"demo half of a capability: demo + source, little prose",2,2,(none),"react-tablekit: a headless-core React data table with client and server modes, slots, handler middleware and CSS-variable theming.",0,src/examples/states/index.tsx,2026-09-13
/examples/sticky-header-footer,200,Sticky header and footer · react-tablekit,Sticky header and footer,1,369,1,capability,"demo half of a capability: demo + source, little prose",5,2,(none),"react-tablekit: a headless-core React data table with client and server modes, slots, handler middleware and CSS-variable theming.",0,src/examples/sticky-header-footer/index.tsx,2026-09-13
/examples/theming-custom,200,Theming: custom · react-tablekit,Theming: custom,1,133,1,capability,"demo half of a capability: demo + source, little prose",3,2,(none),"react-tablekit: a headless-core React data table with client and server modes, slots, handler middleware and CSS-variable theming.",0,src/examples/theming-custom/index.tsx,2026-09-13
/examples/theming-presets,200,Theming: presets · react-tablekit,Theming: presets,1,134,1,capability,"demo half of a capability: demo + source, little prose",3,2,(none),"react-tablekit: a headless-core React data table with client and server modes, slots, handler middleware and CSS-variable theming.",0,src/examples/theming-presets/index.tsx,2026-09-13
/examples/tree-data,200,Tree data · react-tablekit,Tree data,1,60,1,capability,"demo half of a capability: demo + source, little prose",4,2,(none),"react-tablekit: a headless-core React data table with client and server modes, slots, handler middleware and CSS-variable theming.",0,src/examples/tree-data/index.tsx,2026-09-13
/examples/tree-lazy-server,200,Tree: lazy server children · react-tablekit,Tree: lazy server children,1,60,1,capability,"demo half of a capability: demo + source, little prose",3,2,(none),"react-tablekit: a headless-core React data table with client and server modes, slots, handler middleware and CSS-variable theming.",0,src/examples/tree-lazy-server/index.tsx,2026-09-13
/examples/url-sync,200,URL and storage sync · react-tablekit,URL and storage sync,1,166,1,capability,"demo half of a capability: demo + source, little prose",3,2,(none),"react-tablekit: a headless-core React data table with client and server modes, slots, handler middleware and CSS-variable theming.",0,src/examples/url-sync/index.tsx,2026-09-13
/examples/virtualization-100k,200,Virtualization: 100k rows · react-tablekit,Virtualization: 100k rows,1,254,1,capability,"demo half of a capability: demo + source, little prose",4,2,(none),"react-tablekit: a headless-core React data table with client and server modes, slots, handler middleware and CSS-variable theming.",0,src/examples/virtualization-100k/index.tsx,2026-09-13
/playground,200,Playground · react-tablekit,Playground,1,240,1,capability,"interactive tool, not a doc page",0,2,(none),"react-tablekit: a headless-core React data table with client and server modes, slots, handler middleware and CSS-variable theming.",0,src/pages/PlaygroundPage.tsx,2026-09-15
/theme-editor,200,Theme editor · react-tablekit,Theme editor,1,458,4,capability,"interactive tool, not a doc page",1,2,(none),"react-tablekit: a headless-core React data table with client and server modes, slots, handler middleware and CSS-variable theming.",0,src/pages/ThemeEditorPage.tsx,2026-09-13
