legacy_url,destination,status_expected,destination_status,result
/,/react-tablekit/,301,200,ok
/docs/getting-started,/react-tablekit/getting-started/installation/,301,200,ok
/docs/versioning,/react-tablekit/getting-started/versions/,301,200,ok
/changelog,/react-tablekit/discover-more/changelog/,301,200,ok
/examples,/react-tablekit/all-features/,301,200,ok
/playground,/react-tablekit/demos/playground/,301,200,ok
/theme-editor,/react-tablekit/demos/theme-editor/,301,200,ok
/api,/react-tablekit/api/,301,200,ok
/api/data-table,/react-tablekit/api/data-table-props/,301,200,ok
/api/column-def,/react-tablekit/api/column-def/,301,200,ok
/api/instance,/react-tablekit/api/table-instance/,301,200,ok
/api/state,/react-tablekit/api/table-state/,301,200,ok
/api/hooks,/react-tablekit/api/hooks/,301,200,ok
/api/utilities,/react-tablekit/api/utilities/,301,200,ok
/api/slots,/react-tablekit/api/slots/,301,200,ok
/api/handlers,/react-tablekit/api/handlers/,301,200,ok
/api/theme-tokens,/react-tablekit/api/theme-tokens/,301,200,ok
/api/localization,/react-tablekit/api/localization-keys/,301,200,ok
/api/icons,/react-tablekit/api/icons/,301,200,ok
/docs/guides/client-vs-server,/react-tablekit/client-and-server/,301,200,ok
/docs/guides/server-data,/react-tablekit/guides/server-data/,301,200,ok
/docs/guides/columns,/react-tablekit/columns/,301,200,ok
/docs/guides/theming,/react-tablekit/customization/theming/,301,200,ok
/docs/guides/accessibility,/react-tablekit/guides/accessibility/,301,200,ok
/docs/guides/sorting,/react-tablekit/sorting/,301,200,ok
/docs/guides/filtering,/react-tablekit/column-filters/,301,200,ok
/docs/guides/search,/react-tablekit/global-search/,301,200,ok
/docs/guides/pagination,/react-tablekit/pagination/,301,200,ok
/docs/guides/selection,/react-tablekit/row-selection/,301,200,ok
/docs/guides/expansion,/react-tablekit/expansion/,301,200,ok
/docs/guides/grouping,/react-tablekit/grouping/,301,200,ok
/docs/guides/pinning,/react-tablekit/column-pinning/,301,200,ok
/docs/guides/sizing,/react-tablekit/column-sizing/,301,200,ok
/docs/guides/ordering-and-visibility,/react-tablekit/column-ordering/,301,200,ok
/docs/guides/virtualization,/react-tablekit/virtualization/,301,200,ok
/docs/guides/keyboard,/react-tablekit/keyboard-navigation/,301,200,ok
/docs/guides/export,/react-tablekit/export/,301,200,ok
/docs/guides/persistence,/react-tablekit/persistence/,301,200,ok
/docs/guides/responsive,/react-tablekit/responsive/,301,200,ok
/docs/guides/customization,/react-tablekit/customization/,301,200,ok
/docs/guides/localization,/react-tablekit/localization/,301,200,ok
/examples/showcase-account-list,/react-tablekit/demos/account-list/,301,200,ok
/examples/showcase-asset-list,/react-tablekit/demos/asset-list/,301,200,ok
/examples/showcase-readings,/react-tablekit/demos/reading-history/,301,200,ok
/examples/showcase-asset-picker,/react-tablekit/demos/asset-picker/,301,200,ok
/examples/row-selection,/react-tablekit/row-selection/,301,200,ok
/examples/detail-panels,/react-tablekit/expansion/,301,200,ok
/examples/tree-data,/react-tablekit/tree-data/,301,200,ok
/examples/tree-lazy-server,/react-tablekit/tree-data/,301,200,ok
/examples/row-overrides,/react-tablekit/customization/rows-and-cells/,301,200,ok
/examples/handlers-middleware,/react-tablekit/customization/handlers/,301,200,ok
/examples/column-features,/react-tablekit/column-visibility/,301,200,ok
/examples/sticky-header-footer,/react-tablekit/sticky-header-and-footer/,301,200,ok
/examples/virtualization-100k,/react-tablekit/virtualization/,301,200,ok
/examples/infinite-scroll,/react-tablekit/pagination/,301,200,ok
/examples/cursor-pagination,/react-tablekit/pagination/,301,200,ok
/examples/grouping-aggregation,/react-tablekit/grouping/,301,200,ok
/examples/export,/react-tablekit/export/,301,200,ok
/examples/url-sync,/react-tablekit/persistence/,301,200,ok
/examples/keyboard-navigation,/react-tablekit/keyboard-navigation/,301,200,ok
/examples/responsive-cards,/react-tablekit/responsive/,301,200,ok
/examples/states,/react-tablekit/loading-and-empty-states/,301,200,ok
/examples/basic,/react-tablekit/getting-started/quickstart/,301,200,ok
/examples/pagination-variants,/react-tablekit/pagination/,301,200,ok
/examples/global-search,/react-tablekit/global-search/,301,200,ok
/examples/filters-panel,/react-tablekit/column-filters/,301,200,ok
/examples/filters-row,/react-tablekit/column-filters/,301,200,ok
/examples/filters-popover-and-column-menu,/react-tablekit/column-filters/,301,200,ok
/examples/filters-server,/react-tablekit/faceting/,301,200,ok
/examples/server-sorting,/react-tablekit/sorting/,301,200,ok
/examples/hybrid-mode,/react-tablekit/client-and-server/,301,200,ok
/examples/localization,/react-tablekit/localization/,301,200,ok
/examples/client-vs-server,/react-tablekit/client-and-server/,301,200,ok
/examples/column-types,/react-tablekit/columns/,301,200,ok
/examples/client-sorting,/react-tablekit/sorting/,301,200,ok
/examples/column-pinning,/react-tablekit/column-pinning/,301,200,ok
/examples/column-sizing,/react-tablekit/column-sizing/,301,200,ok
/examples/column-ordering-visibility,/react-tablekit/column-ordering/,301,200,ok
/examples/cell-building-blocks,/react-tablekit/customization/cell-building-blocks/,301,200,ok
/examples/slots-custom-components,/react-tablekit/customization/slots/,301,200,ok
/examples/slots-design-system,/react-tablekit/customization/structure/,301,200,ok
/examples/theming-presets,/react-tablekit/customization/theming/,301,200,ok
/examples/theming-custom,/react-tablekit/customization/theming/,301,200,ok
/examples/density,/react-tablekit/density/,301,200,ok
/examples/composable-layout,/react-tablekit/toolbar/,301,200,ok
/examples/headless,/react-tablekit/headless/,301,200,ok
/examples/react-query-recipe,/react-tablekit/integrations/react-query/,301,200,ok
/embed/showcase-account-list,/embed/react-tablekit/demos/account-list/demo-basics,301,200,ok
/embed/showcase-asset-list,/embed/react-tablekit/demos/asset-list/demo-basics,301,200,ok
/embed/showcase-readings,/embed/react-tablekit/demos/reading-history/demo-basics,301,200,ok
/embed/showcase-asset-picker,/embed/react-tablekit/demos/asset-picker/demo-basics,301,200,ok
/embed/row-selection,/embed/react-tablekit/features/row-selection/demo-basics,301,200,ok
/embed/detail-panels,/embed/react-tablekit/features/expansion/demo-basics,301,200,ok
/embed/tree-data,/embed/react-tablekit/features/tree-data/demo-basics,301,200,ok
/embed/tree-lazy-server,/embed/react-tablekit/features/tree-data/demo-lazy-children,301,200,ok
/embed/row-overrides,/embed/react-tablekit/customization/rows-and-cells/demo-basics,301,200,ok
/embed/handlers-middleware,/embed/react-tablekit/customization/handlers/demo-basics,301,200,ok
/embed/column-features,/embed/react-tablekit/features/column-visibility/demo-basics,301,200,ok
/embed/sticky-header-footer,/embed/react-tablekit/features/sticky-header-and-footer/demo-basics,301,200,ok
/embed/virtualization-100k,/embed/react-tablekit/features/virtualization/demo-basics,301,200,ok
/embed/infinite-scroll,/embed/react-tablekit/features/pagination/demo-infinite,301,200,ok
/embed/cursor-pagination,/embed/react-tablekit/features/pagination/demo-cursor,301,200,ok
/embed/grouping-aggregation,/embed/react-tablekit/features/grouping/demo-basics,301,200,ok
/embed/export,/embed/react-tablekit/features/export/demo-basics,301,200,ok
/embed/url-sync,/embed/react-tablekit/features/persistence/demo-basics,301,200,ok
/embed/keyboard-navigation,/embed/react-tablekit/features/keyboard-navigation/demo-basics,301,200,ok
/embed/responsive-cards,/embed/react-tablekit/features/responsive/demo-basics,301,200,ok
/embed/states,/embed/react-tablekit/features/loading-and-empty-states/demo-basics,301,200,ok
/embed/basic,/embed/react-tablekit/features/columns/demo-basics,301,200,ok
/embed/pagination-variants,/embed/react-tablekit/features/pagination/demo-basics,301,200,ok
/embed/global-search,/embed/react-tablekit/features/global-search/demo-basics,301,200,ok
/embed/filters-panel,/embed/react-tablekit/features/column-filters/demo-basics,301,200,ok
/embed/filters-row,/embed/react-tablekit/features/column-filters/demo-row-mode,301,200,ok
/embed/filters-popover-and-column-menu,/embed/react-tablekit/features/column-filters/demo-popover-mode,301,200,ok
/embed/filters-server,/embed/react-tablekit/features/faceting/demo-basics,301,200,ok
/embed/server-sorting,/embed/react-tablekit/features/sorting/demo-server,301,200,ok
/embed/hybrid-mode,/embed/react-tablekit/features/client-and-server/demo-hybrid,301,200,ok
/embed/localization,/embed/react-tablekit/features/localization/demo-basics,301,200,ok
/embed/client-vs-server,/embed/react-tablekit/features/client-and-server/demo-basics,301,200,ok
/embed/column-types,/embed/react-tablekit/features/columns/demo-types,301,200,ok
/embed/client-sorting,/embed/react-tablekit/features/sorting/demo-basics,301,200,ok
/embed/column-pinning,/embed/react-tablekit/features/column-pinning/demo-basics,301,200,ok
/embed/column-sizing,/embed/react-tablekit/features/column-sizing/demo-basics,301,200,ok
/embed/column-ordering-visibility,/embed/react-tablekit/features/column-ordering/demo-basics,301,200,ok
/embed/cell-building-blocks,/embed/react-tablekit/customization/cell-building-blocks/demo-basics,301,200,ok
/embed/slots-custom-components,/embed/react-tablekit/customization/slots/demo-basics,301,200,ok
/embed/slots-design-system,/embed/react-tablekit/customization/structure/demo-basics,301,200,ok
/embed/theming-presets,/embed/react-tablekit/customization/theming/demo-presets,301,200,ok
/embed/theming-custom,/embed/react-tablekit/customization/theming/demo-custom,301,200,ok
/embed/density,/embed/react-tablekit/features/density/demo-basics,301,200,ok
/embed/composable-layout,/embed/react-tablekit/features/toolbar/demo-basics,301,200,ok
/embed/headless,/embed/react-tablekit/features/headless/demo-basics,301,200,ok
/embed/react-query-recipe,/embed/react-tablekit/integrations/react-query/demo-basics,301,200,ok
